<puzzle>
    <header>
        <guid>21C0CD64-6038-4330-A9A2-68C162271DE9</guid>
        <code family="02" variant="2" model="10x15" />
        <serialNumber>90600002</serialNumber>
        <formatVersion major="2" minor="0" />
        <builderVersion>8.23</builderVersion>
        <creationDate>2012-04-24T00:53:24Z</creationDate>
        <properties>
            <numeric name="width" value="10" unit="block" />
            <numeric name="height" value="15" unit="block" />
            <text name="name">Bird</text>
            <numeric name="difficulty" value="1" />
            <numeric name="colors" value="5" />
        </properties>
    </header>
    <data>
        <dimensions width="10" height="15" />
        <palette size="6">
            <color id="0" rgb="ffffff" />
            <color id="1" rgb="3398ff" />
            <color id="2" rgb="ef9a50" />
            <color id="3" rgb="ff150e" />
            <color id="4" rgb="000000" />
            <color id="5" rgb="50f000" />
        </palette>
        <solution>
            <path color="1">9 2 8 2 8 1 7 1 7 0</path>
            <path color="5">6 14 5 14 4 14 4 13</path>
            <path color="3">7 14 7 13 6 13 6 12</path>
            <path color="1">5 0 5 1 6 1</path>
            <path color="1">1 5 0 5 0 6 1 6</path>
            <path color="1">1 11 2 11 2 12</path>
            <path color="1">3 3 3 4</path>
            <path color="4">8 10 7 10 7 9</path>
            <path color="1">5 4 5 5</path>
            <path color="5">9 13 9 14 8 14</path>
            <path color="3">5 12 5 11</path>
            <path color="1">4 11 4 12</path>
            <path color="2">9 3</path>
            <path color="5">1 12</path>
            <path color="1">0 12</path>
            <path color="2">6 0</path>
            <path color="2">7 2</path>
            <path color="1">5 13</path>
            <path color="4">4 2</path>
            <path color="5">1 14 2 14 2 13 1 13 0 13 0 14</path>
            <path color="1">9 10 9 11 8 11 7 11 7 12 8 12 8 13</path>
            <path color="3">3 2 2 2 1 2</path>
            <path color="1">0 0 1 0 1 1 0 1 0 2 0 3 0 4 1 4</path>
            <path color="3">3 11 3 12 3 13 3 14</path>
            <path color="4">2 7 2 8</path>
            <path color="1">4 6 5 6 5 7 6 7 6 6</path>
            <path color="4">6 8 5 8 5 9 6 9</path>
            <path color="1">7 8 7 7 7 6 8 6 8 7</path>
            <path color="1">6 3 6 2</path>
            <path color="2">8 0 9 0 9 1</path>
            <path color="1">0 10 1 10</path>
            <path color="1">0 9 0 8 0 7</path>
            <path color="1">9 9 8 9 8 8 9 8 9 7 9 6</path>
            <path color="4">4 9 4 8 4 7</path>
            <path color="4">3 9 3 8 3 7</path>
            <path color="1">4 0 3 0 2 0 2 1 3 1</path>
            <path color="1">6 4 6 5 7 5 7 4 7 3 8 3 8 4 8 5 9 5 9 4</path>
            <path color="1">1 3 2 3 2 4 2 5</path>
        </solution>
    </data>
</puzzle>