<puzzle>
    <header>
        <guid>0EBD55A2-6634-4FFF-8366-1A10E79AF48E</guid>
        <code family="02" variant="0" model="10x15" />
        <serialNumber>90600004</serialNumber>
        <formatVersion major="2" minor="0" />
        <builderVersion>8.23</builderVersion>
        <creationDate>2012-04-22T18:09:54Z</creationDate>
        <properties>
            <numeric name="width" value="10" unit="block" />
            <numeric name="height" value="15" unit="block" />
            <text name="name">Hiking</text>
            <numeric name="difficulty" value="1" />
        </properties>
    </header>
    <data>
        <dimensions width="10" height="15" />
        <palette size="2">
            <color id="0" rgb="ffffff" />
            <color id="1" rgb="000000" />
        </palette>
        <solution>
            <path color="1">9 4 8 4 8 5 9 5 9 6 9 7 9 8</path>
            <path color="1">3 1 2 1 2 0 3 0 4 0</path>
            <path color="1">3 13 3 12 2 12</path>
            <path color="1">8 12 8 11 9 11 9 12</path>
            <path color="1">2 11 2 10 2 9</path>
            <path color="1">8 7 8 6</path>
            <path color="1">8 0 9 0</path>
            <path color="1">8 3 8 2</path>
            <path color="1">9 14 9 13</path>
            <path color="1">2 14 2 13</path>
            <path color="1">7 3</path>
            <path color="1">5 1</path>
            <path color="1">3 11</path>
            <path color="1">5 3</path>
            <path color="1">2 3 2 4 2 5 1 5</path>
            <path color="1">6 11 6 12 6 13</path>
            <path color="1">2 8 3 8</path>
            <path color="1">4 7 3 7 2 7</path>
            <path color="1">4 2 4 3 4 4</path>
            <path color="1">5 11 5 12 5 13 5 14 6 14 7 14</path>
            <path color="1">1 4 1 3 1 2 2 2 3 2 3 3 3 4 3 5</path>
            <path color="1">0 0 1 0 1 1 0 1 0 2 0 3 0 4 0 5 0 6</path>
            <path color="1">0 14 0 13 0 12 0 11 0 10 0 9 0 8</path>
        </solution>
    </data>
</puzzle>