<!DOCTYPE puzzle PUBLIC "-//conceptispuzzles.com//DTD XHTML 1.1 plus Target 1.0//EN" "dtd/xhtml11-target.dtd">
<puzzle>
	<header>
		<guid>7582141E-42F0-4FFA-A031-D38F95C4D841</guid>
		<code family="02" variant="2" model="15x15" />
		<serialNumber>90000016</serialNumber>
		<formatVersion major="2" minor="0" />
		<builderVersion>8.22</builderVersion>
		<creationDate>2010-05-16T11:36:48Z</creationDate>
		<properties>
			<numeric name="width" value="15" unit="block" />
			<numeric name="height" value="15" unit="block" />
			<text name="name">Scooter</text>
			<numeric name="difficulty" value="1" />
			<numeric name="colors" value="7" />
		</properties>
	</header>
	<data>
		<dimensions width="15" height="15" />
		<palette size="8">
			<color id="0" rgb="ffffff" />
			<color id="1" rgb="3398ff" />
			<color id="2" rgb="a06700" />
			<color id="3" rgb="ffdc00" />
			<color id="4" rgb="ef9a50" />
			<color id="5" rgb="000000" />
			<color id="6" rgb="ff150e" />
			<color id="7" rgb="50f000" />
		</palette>
		<solution>
			<path color="2">8 1 8 2 7 2 7 1 6 1 6 0 5 0 4 0 3 0</path>
			<path color="2">2 9 2 10 2 11 3 11 3 12 4 12 5 12 6 12 7 12</path>
			<path color="1">1 9 1 8 1 7 0 7 0 6 0 5 0 4 1 4 1 3</path>
			<path color="2">7 11 8 11 8 12 9 12 10 12 10 11 11 11 12 11 13 11</path>
			<path color="6">6 7 7 7 8 7 8 6 8 5 7 5 6 5 5 5 4 5</path>
			<path color="7">8 14 9 14 9 13 8 13 7 13 7 14 6 14 5 14 4 14</path>
			<path color="1">7 3 8 3 9 3 9 2 9 1 10 1 11 1 12 1 12 0</path>
			<path color="1">5 7 4 7 3 7 3 6</path>
			<path color="5">11 8 12 8 12 9 11 9 10 9 10 8 10 7</path>
			<path color="1">4 9 4 8 3 8 3 9 3 10 4 10</path>
			<path color="5">13 7 13 8 14 8 14 9</path>
			<path color="3">13 1 14 1 14 0 13 0</path>
			<path color="1">0 12 0 11 0 10 1 10</path>
			<path color="1">13 6 14 6 14 7</path>
			<path color="7">13 14 14 14 14 13</path>
			<path color="7">0 13 0 14 1 14</path>
			<path color="5">5 9 5 8</path>
			<path color="5">13 13 13 12</path>
			<path color="1">10 6 10 5 9 5</path>
			<path color="1">11 2 10 2</path>
			<path color="5">3 13 3 14</path>
			<path color="6">4 6 5 6</path>
			<path color="5">11 14 12 14</path>
			<path color="7">10 14 10 13</path>
			<path color="1">0 8 0 9</path>
			<path color="5">1 13 1 12</path>
			<path color="2">2 7 2 8</path>
			<path color="1">14 2 13 2</path>
			<path color="5">11 13</path>
			<path color="2">11 12</path>
			<path color="5">12 12</path>
			<path color="2">7 0</path>
			<path color="3">11 0</path>
			<path color="1">3 1</path>
			<path color="4">3 2</path>
			<path color="5">4 2</path>
			<path color="6">7 4</path>
			<path color="1">8 4</path>
			<path color="5">2 14</path>
			<path color="1">12 3</path>
			<path color="3">12 2</path>
			<path color="6">9 6</path>
			<path color="1">2 0</path>
			<path color="2">1 11</path>
			<path color="6">7 6</path>
			<path color="5">2 12</path>
			<path color="3">14 3</path>
			<path color="1">11 5</path>
			<path color="5">4 11</path>
			<path color="2">9 11</path>
			<path color="7">6 13 5 13 4 13</path>
			<path color="5">6 11 5 11 5 10 6 10 6 9 6 8 7 8 8 8 9 8 9 7</path>
			<path color="1">13 9 13 10 14 10 14 11 14 12</path>
			<path color="1">13 3 13 4 14 4 14 5 13 5 12 5 12 6 11 6 11 7 12 7</path>
			<path color="4">3 5 2 5 1 5 1 6 2 6</path>
			<path color="4">6 2 6 3 6 4</path>
			<path color="1">8 0 9 0 10 0</path>
			<path color="1">8 10 7 10 7 9 8 9 9 9 9 10 10 10 11 10 12 10</path>
			<path color="1">3 3 3 4 4 4 5 4</path>
			<path color="4">4 1 5 1 5 2 5 3 4 3</path>
			<path color="1">0 3 0 2 1 2 2 2 2 3 2 4</path>
		</solution>
	</data>
</puzzle>