<puzzle>
    <header>
        <guid>AA1FED16-EE90-4497-BD52-645B9611FB67</guid>
        <code family="02" variant="2" model="15x23" />
        <serialNumber>90600005</serialNumber>
        <formatVersion major="2" minor="0" />
        <builderVersion>8.23</builderVersion>
        <creationDate>2012-04-24T00:56:35Z</creationDate>
        <properties>
            <numeric name="width" value="15" unit="block" />
            <numeric name="height" value="23" unit="block" />
            <text name="name">Dragon</text>
            <numeric name="difficulty" value="1" />
            <numeric name="colors" value="3" />
        </properties>
    </header>
    <data>
        <dimensions width="15" height="23" />
        <palette size="4">
            <color id="0" rgb="ffffff" />
            <color id="1" rgb="3398ff" />
            <color id="2" rgb="ff150e" />
            <color id="3" rgb="000000" />
        </palette>
        <solution>
            <path color="1">13 1 13 2 14 2 14 1 14 0 13 0 12 0 11 0 10 0 10 1</path>
            <path color="3">9 18 9 19 9 20 10 20 11 20 11 19 11 18 11 17 12 17 13 17</path>
            <path color="2">12 11 12 10 13 10 13 9 13 8 12 8 12 7 12 6 12 5 12 4</path>
            <path color="1">0 15 1 15 1 14 2 14 3 14 3 13 4 13 4 12 4 11 5 11</path>
            <path color="2">12 13 11 13 11 12 12 12 13 12 13 13</path>
            <path color="1">3 22 2 22 1 22 1 21 1 20 2 20 2 21</path>
            <path color="3">12 15 12 16 11 16</path>
            <path color="1">11 15 10 15 10 16 9 16 9 17</path>
            <path color="2">1 9 2 9</path>
            <path color="1">12 18 13 18 14 18 14 17</path>
            <path color="1">14 22 13 22 13 21 14 21 14 20</path>
            <path color="3">2 8 3 8</path>
            <path color="3">3 7 4 7</path>
            <path color="1">14 5 14 6 14 7 13 7</path>
            <path color="2">13 6 13 5 13 4 14 4</path>
            <path color="2">11 14 10 14 9 14 9 15</path>
            <path color="3">6 8 6 7 7 7</path>
            <path color="3">7 13 6 13</path>
            <path color="3">7 20 7 21</path>
            <path color="1">7 0 8 0</path>
            <path color="1">1 1 0 1 0 0</path>
            <path color="1">13 11 14 11 14 10</path>
            <path color="3">10 19 10 18 10 17</path>
            <path color="2">14 9 14 8</path>
            <path color="1">2 0 3 0</path>
            <path color="3">9 11 8 11</path>
            <path color="3">8 6 7 6</path>
            <path color="3">6 16 6 17</path>
            <path color="3">10 7 10 6</path>
            <path color="3">4 20 5 20</path>
            <path color="3">5 8 5 9</path>
            <path color="3">9 7</path>
            <path color="2">11 5</path>
            <path color="1">11 4</path>
            <path color="3">8 21</path>
            <path color="1">1 4</path>
            <path color="3">11 9</path>
            <path color="2">12 9</path>
            <path color="3">5 17</path>
            <path color="3">9 10</path>
            <path color="1">9 2</path>
            <path color="3">4 6</path>
            <path color="2">14 12</path>
            <path color="3">4 16</path>
            <path color="3">8 5</path>
            <path color="1">4 14</path>
            <path color="1">2 19</path>
            <path color="1">3 21</path>
            <path color="1">2 2</path>
            <path color="1">12 22</path>
            <path color="3">6 14</path>
            <path color="3">4 3</path>
            <path color="2">0 14</path>
            <path color="2">1 0</path>
            <path color="3">5 19</path>
            <path color="3">0 7</path>
            <path color="1">14 13 14 14 13 14 12 14</path>
            <path color="1">0 5 0 4 0 3</path>
            <path color="2">2 3 1 3 1 2 0 2</path>
            <path color="3">14 19 13 19 13 20</path>
            <path color="3">12 19 12 20 12 21 11 21</path>
            <path color="1">0 16 1 16 2 16 2 17 2 18 1 18 1 19 0 19 0 20 0 21 0 22</path>
            <path color="1">7 11 7 10 7 9 7 8 8 8 8 9</path>
            <path color="3">5 4 4 4 3 4</path>
            <path color="2">2 1 3 1 3 2</path>
            <path color="2">4 0 5 0 5 1 4 1</path>
            <path color="1">2 15 3 15 3 16</path>
            <path color="1">14 3 13 3 12 3 12 2</path>
            <path color="1">4 10 5 10 6 10 6 9</path>
            <path color="1">5 13 5 12 6 12 6 11</path>
            <path color="2">7 1 6 1 6 0</path>
            <path color="2">9 3 10 3 10 2</path>
            <path color="2">11 3 11 2 11 1 12 1</path>
            <path color="3">14 16 14 15 13 15 13 16</path>
            <path color="1">1 17 0 17 0 18</path>
            <path color="1">2 13 2 12 2 11 3 11 3 12</path>
            <path color="2">9 0 9 1 8 1 8 2</path>
            <path color="2">8 19 8 18 8 17 8 16 8 15</path>
            <path color="2">1 10 1 11 1 12 1 13</path>
            <path color="1">0 10 0 11 0 12 0 13</path>
        </solution>
    </data>
</puzzle>