<puzzle>
	<header>
		<guid>D40726AA-7E8A-42A1-B904-FC2D90DB567A</guid>
		<code family="02" variant="2" model="20x20" />
		<serialNumber>90000000</serialNumber>
		<formatVersion major="2" minor="0" />
		<builderVersion>8.21</builderVersion>
		<creationDate>2007-05-07T01:13:00Z</creationDate>
		<properties>
			<numeric name="width" value="20" unit="block" />
			<numeric name="height" value="20" unit="block" />
			<text name="name">Mount Fuji</text>
			<numeric name="difficulty" value="2" />
			<numeric name="colors" value="4" />
		</properties>
	</header>
	<data>
		<dimensions width="20" height="20" />
		<palette size="5">
			<color id="0" rgb="ffffff" />
			<color id="1" rgb="00c7ff" />
			<color id="2" rgb="ff75e7" />
			<color id="3" rgb="000000" />
			<color id="4" rgb="0000b5" />
		</palette>
		<solution>
			<path color="4">1 11 1 12 1 13 0 13 0 14 0 15 0 16 1 16 1 17 2 17 3 17 4 17 4 18</path>
			<path color="3">13 14 12 14</path>
			<path color="4">6 14 6 13 5 13 5 12 4 12 3 12 2 12 2 13 2 14 2 15 3 15 4 15 4 14</path>
			<path color="1">17 0 18 0 19 0 19 1</path>
			<path color="2">18 8 18 7 19 7</path>
			<path color="3">7 2 6 2</path>
			<path color="4">0 17 0 18 0 19</path>
			<path color="3">5 3 4 3</path>
			<path color="4">10 9 11 9</path>
			<path color="3">14 15 15 15</path>
			<path color="4">1 14 1 15</path>
			<path color="1">10 0 9 0</path>
			<path color="3">15 4 14 4</path>
			<path color="3">8 1</path>
			<path color="3">10 1</path>
			<path color="3">19 4</path>
			<path color="4">4 10</path>
			<path color="3">12 1</path>
			<path color="2">12 2</path>
			<path color="3">13 2</path>
			<path color="3">14 17</path>
			<path color="3">13 5</path>
			<path color="1">6 7</path>
			<path color="3">16 14</path>
			<path color="4">0 12</path>
			<path color="4">14 10</path>
			<path color="2">19 9</path>
			<path color="3">19 8</path>
			<path color="3">2 2</path>
			<path color="4">16 10</path>
			<path color="4">3 11</path>
			<path color="4">7 10</path>
			<path color="4">6 9</path>
			<path color="1">14 2 14 3 15 3</path>
			<path color="1">6 1 6 0 5 0 5 1 5 2 4 2 4 1 4 0 3 0 2 0 1 0 0 0 0 1 1 1</path>
			<path color="4">17 18 17 19 18 19 19 19</path>
			<path color="2">16 15 17 15 17 14 17 13 16 13 15 13 15 14</path>
			<path color="1">15 7 14 7</path>
			<path color="4">11 11 10 11 9 11 8 11 7 11 7 12 7 13 7 14 7 15 6 15 6 16 6 17 5 17 5 18 6 18</path>
			<path color="4">18 16 19 16 19 17</path>
			<path color="1">4 8 5 8</path>
			<path color="4">16 19 16 18 16 17</path>
			<path color="2">15 17 15 16 14 16 13 16 13 17 13 18 14 18</path>
			<path color="2">12 13 11 13 11 14</path>
			<path color="4">3 14 3 13 4 13</path>
			<path color="1">15 5 15 6 16 6 16 5 17 5 17 4 16 4</path>
			<path color="4">2 18 1 18 1 19 2 19 3 19 3 18</path>
			<path color="1">16 1 16 0 15 0 14 0</path>
			<path color="4">7 19 6 19 5 19 4 19</path>
			<path color="4">5 11 6 11 6 12</path>
			<path color="2">19 3 18 3 18 4 18 5 19 5</path>
			<path color="1">0 7	 0 8 1 8</path>
			<path color="2">8 2 9 2 9 1</path>
			<path color="2">7 1 7 0 8 0</path>
			<path color="2">2 1 3 1 3 2 3 3 2 3 1 3 1 2</path>
			<path color="2">13 4 12 4 12 5 12 6 13 6 14 6 14 5</path>
			<path color="3">19 2 18 2 18 1 17 1 17 2 16 2 16 3 17 3</path>
			<path color="3">14 1 15 1 15 2</path>
			<path color="3">19 18 18 18 18 17 17 17 17 16 16 16</path>
			<path color="4">8 12 8 13 8 14 8 15 8 16 7 16</path>
			<path color="1">0 11 0 10 0 9 1 9 1 10 2 10</path>
			<path color="1">10 4 9 4 8 4 7 4 6 4 5 4 5 5 4 5 3 5 2 5 2 4 3 4 4 4</path>
			<path color="2">11 1 11 0 12 0 13 0 13 1</path>
			<path color="4">14 14 14 13 13 13 13 12 13 11</path>
			<path color="1">11 4 11 5 10 5 9 5 8 5 7 5 6 5</path>
			<path color="1">7 6 6 6 5 6 5 7 4 7 4 6 3 6 2 6</path>
			<path color="4">5 14 5 15 5 16 4 16 3 16 2 16</path>
			<path color="1">19 6 18 6 17 6 17 7 17 8 16 8 16 7</path>
			<path color="1">13 3 12 3 11 3 11 2 10 2 10 3 9 3 8 3 7 3 6 3</path>
			<path color="1">3 9 2 9 2 8 3 8 3 7 2 7 1 7 1 6 0 6 0 5 1 5 1 4 0 4 0 3 0 2</path>
			<path color="4">8 17 7 17 7 18 8 18 8 19 9 19 10 19 11 19 12 19 13 19 14 19 15 19 15 18</path>
			<path color="4">10 16 10 17 9 17 9 16 9 15 9 14 9 13 9 12 10 12 10 13 10 14 10 15 11 15</path>
			<path color="4">9 10 10 10 11 10 12 10 12 11 12 12 11 12</path>
			<path color="4">9 18 10 18 11 18 12 18 12 17 11 17 11 16 12 16 12 15 13 15</path>
			<path color="1">18 9 17 9</path>
			<path color="1">18 10 19 10 19 11</path>
			<path color="4">15 12 14 12 14 11 15 11 16 11 16 12 17 12 18 12 18 11 17 11</path>
			<path color="4">19 12 19 13 19 14 19 15 18 15 18 14 18 13</path>
		</solution>
	</data>
</puzzle>