<puzzle>
	<header>
		<guid>E8DFE17B-E8CB-41FB-8A30-C826B71B8D1A</guid>
		<code family="02" variant="0" model="20x20" />
		<serialNumber>90000011</serialNumber>
		<formatVersion major="2" minor="0" />
		<builderVersion>8.22</builderVersion>
		<creationDate>2010-05-16T13:12:57Z</creationDate>
		<properties>
			<numeric name="width" value="20" unit="block" />
			<numeric name="height" value="20" unit="block" />
			<text name="name">Batman</text>
			<numeric name="difficulty" value="1" />
		</properties>
	</header>
	<data>
		<dimensions width="20" height="20" />
		<palette size="2">
			<color id="0" rgb="ffffff" />
			<color id="1" rgb="000000" />
		</palette>
		<solution>
			<path color="1">8 5 7 5 7 4 6 4 5 4 5 5 5 6 4 6 3 6</path>
			<path color="1">9 5 9 6 9 7 8 7 7 7 7 8 8 8 9 8 9 9</path>
			<path color="1">13 16 13 17 13 18 12 18 12 19 11 19 10 19 9 19 8 19</path>
			<path color="1">15 16 15 17 16 17 16 16 16 15 17 15 17 16 17 17 18 17</path>
			<path color="1">1 13 0 13 0 14 1 14 1 15 1 16 2 16 2 17 2 18</path>
			<path color="1">1 18 1 17 0 17 0 18 0 19 1 19 2 19 3 19 4 19</path>
			<path color="1">15 10 16 10 16 9 17 9 17 8 18 8 19 8 19 7 19 6</path>
			<path color="1">16 4 15 4 15 3 16 3 17 3 17 4 17 5 17 6 17 7</path>
			<path color="1">19 17 19 18 19 19 18 19 17 19 17 18 16 18 15 18 14 18 14 17</path>
			<path color="1">18 10 18 11 19 11 19 10 19 9 18 9</path>
			<path color="1">1 2 1 1 1 0</path>
			<path color="1">7 12 8 12 8 13 7 13 6 13 6 12</path>
			<path color="1">15 11 16 11 17 11 17 10</path>
			<path color="1">15 15 15 14 15 13 14 13</path>
			<path color="1">11 3 11 2</path>
			<path color="1">12 16 12 15 13 15</path>
			<path color="1">19 2 19 3 19 4</path>
			<path color="1">15 9 15 8 15 7</path>
			<path color="1">5 19 6 19 7 19</path>
			<path color="1">8 4 9 4</path>
			<path color="1">10 8 11 8</path>
			<path color="1">4 18 3 18</path>
			<path color="1">12 17 11 17</path>
			<path color="1">11 18 10 18</path>
			<path color="1">16 6 15 6</path>
			<path color="1">18 15 18 16</path>
			<path color="1">0 15 0 16</path>
			<path color="1">15 1 15 2</path>
			<path color="1">11 10 11 11</path>
			<path color="1">10 11 10 12</path>
			<path color="1">3 5 4 5</path>
			<path color="1">17 14 16 14</path>
			<path color="1">12 14 12 13</path>
			<path color="1">7 11 7 10</path>
			<path color="1">7 6 8 6</path>
			<path color="1">5 12 4 12</path>
			<path color="1">18 5 19 5</path>
			<path color="1">6 5</path>
			<path color="1">7 14</path>
			<path color="1">3 17</path>
			<path color="1">16 8</path>
			<path color="1">11 5</path>
			<path color="1">3 7</path>
			<path color="1">18 18</path>
			<path color="1">2 4</path>
			<path color="1">3 10</path>
			<path color="1">19 16</path>
			<path color="1">18 3</path>
			<path color="1">18 7</path>
			<path color="1">9 12</path>
			<path color="1">15 5</path>
			<path color="1">2 1</path>
			<path color="1">10 3</path>
			<path color="1">17 2</path>
			<path color="1">11 6 12 6 13 6 13 7</path>
			<path color="1">16 19 15 19 14 19 13 19</path>
			<path color="1">9 16 8 16 7 16 6 16 5 16</path>
			<path color="1">1 7 1 8 1 9 2 9</path>
			<path color="1">4 11 3 11 2 11 2 10 1 10</path>
			<path color="1">10 5 10 6 10 7 11 7 12 7 12 8 13 8 13 9 13 10 13 11</path>
			<path color="1">2 2 3 2</path>
			<path color="1">19 1 18 1 17 1 16 1</path>
			<path color="1">6 6 6 7 5 7 4 7 4 8 3 8 2 8 2 7 2 6 1 6</path>
			<path color="1">14 16 14 15 14 14 13 14 13 13 13 12 12 12 12 11 12 10 12 9</path>
			<path color="1">6 8 5 8 5 9 6 9 7 9 8 9</path>
			<path color="1">1 11 1 12 2 12 2 13 2 14 2 15</path>
			<path color="1">5 2 6 2 7 2 8 2 9 2</path>
			<path color="1">12 1 12 2 12 3 12 4</path>
			<path color="1">1 5 1 4 1 3 2 3 3 3 4 3</path>
			<path color="1">13 0 13 1 13 2 13 3 13 4 13 5</path>
		</solution>
	</data>
</puzzle>