<puzzle>
    <header>
        <guid>86772A6F-9840-4856-B333-BC0AF55B1B43</guid>
        <code family="02" variant="2" model="20x30" />
        <serialNumber>90600010</serialNumber>
        <formatVersion major="2" minor="0" />
        <builderVersion>8.23</builderVersion>
        <creationDate>2012-04-24T01:06:51Z</creationDate>
        <properties>
            <numeric name="width" value="20" unit="block" />
            <numeric name="height" value="30" unit="block" />
            <text name="name">Zulu woman</text>
            <numeric name="difficulty" value="2" />
            <numeric name="colors" value="4" />
        </properties>
    </header>
    <data>
        <dimensions width="20" height="30" />
        <palette size="5">
            <color id="0" rgb="ffffff" />
            <color id="1" rgb="3398ff" />
            <color id="2" rgb="000000" />
            <color id="3" rgb="ff150e" />
            <color id="4" rgb="a06700" />
        </palette>
        <solution>
            <path color="4">1 29 1 28 2 28 2 29 3 29 4 29 5 29 5 28 6 28 7 28 8 28 9 28</path>
            <path color="1">17 4 17 5 18 5 18 6 18 7 19 7 19 6 19 5 19 4 19 3 19 2 18 2</path>
            <path color="1">1 1 1 0 0 0 0 1 0 2 1 2 1 3 2 3 2 4 2 5 1 5 0 5</path>
            <path color="2">7 12 8 12 8 11</path>
            <path color="3">8 10 8 9 9 9</path>
            <path color="2">7 18 7 17</path>
            <path color="2">7 16 8 16</path>
            <path color="4">8 25 9 25 10 25 10 26</path>
            <path color="3">12 7 11 7 10 7 10 8</path>
            <path color="2">17 15 17 14 17 13 18 13</path>
            <path color="3">4 15 4 14 4 13 5 13</path>
            <path color="3">12 25 13 25</path>
            <path color="2">5 14 6 14 6 13</path>
            <path color="2">15 5 15 6</path>
            <path color="2">14 6 14 7</path>
            <path color="4">6 24 7 24 8 24</path>
            <path color="1">7 0 6 0 6 1</path>
            <path color="2">7 26 6 26</path>
            <path color="2">15 9 16 9</path>
            <path color="3">9 17 9 18 9 19</path>
            <path color="1">10 19 10 18</path>
            <path color="1">1 6 0 6 0 7</path>
            <path color="1">11 18 11 17</path>
            <path color="3">4 5 3 5</path>
            <path color="2">9 11 9 10</path>
            <path color="2">10 10 10 9</path>
            <path color="3">0 9 0 8</path>
            <path color="2">5 25 4 25</path>
            <path color="2">15 14 16 14</path>
            <path color="2">9 27 9 26</path>
            <path color="2">4 17 4 16</path>
            <path color="2">8 20</path>
            <path color="2">6 18</path>
            <path color="2">7 13</path>
            <path color="1">2 25</path>
            <path color="2">12 20</path>
            <path color="1">5 2</path>
            <path color="4">10 14</path>
            <path color="2">13 11</path>
            <path color="1">3 4</path>
            <path color="4">6 23</path>
            <path color="2">5 15</path>
            <path color="1">17 6</path>
            <path color="2">16 5</path>
            <path color="1">2 18</path>
            <path color="1">13 23 13 24 14 24</path>
            <path color="4">14 23 15 23 16 23</path>
            <path color="2">11 8 11 9</path>
            <path color="2">12 8 13 8 13 7</path>
            <path color="4">10 22 9 22 8 22</path>
            <path color="1">0 3 0 4 1 4</path>
            <path color="4">10 28 10 29 11 29</path>
            <path color="3">6 12 6 11 6 10 5 10 5 11</path>
            <path color="4">9 15 10 15 11 15</path>
            <path color="4">9 29 8 29 7 29 6 29</path>
            <path color="3">3 9 4 9 4 10</path>
            <path color="3">5 9 6 9</path>
            <path color="3">4 8 4 7 5 7 5 8 6 8 6 7</path>
            <path color="3">7 11 7 10 7 9 7 8</path>
            <path color="1">6 19 6 20 6 21</path>
            <path color="3">8 6 8 5 7 5 7 4 6 4</path>
            <path color="4">11 26 12 26 12 27 13 27 13 28</path>
            <path color="3">15 29 14 29 14 28</path>
            <path color="3">10 27 11 27 11 28 12 28 12 29 13 29</path>
            <path color="1">16 25 17 25 17 26 18 26 18 27 18 28 17 28 16 28 15 28 15 27 14 27 14 26 13 26</path>
            <path color="2">8 15 8 14 9 14</path>
            <path color="3">7 3 8 3 8 4</path>
            <path color="3">1 10 0 10 0 11 0 12 1 12 1 11 2 11</path>
            <path color="3">15 4 16 4 16 3 15 3 15 2 15 1 14 1 14 2 14 3 13 3</path>
            <path color="4">10 23 11 23 11 22</path>
            <path color="2">9 21 10 21 11 21</path>
            <path color="4">14 20 14 19 13 19 13 20 13 21 12 21</path>
            <path color="4">7 27 6 27 5 27 5 26 4 26</path>
            <path color="3">10 0 11 0 12 0 13 0 13 1 13 2 12 2 12 1 11 1</path>
            <path color="3">18 20 17 20 17 21</path>
            <path color="2">17 10 18 10 18 9 17 9 17 8 18 8</path>
            <path color="3">0 16 0 17 1 17 1 18 0 18</path>
            <path color="1">19 22 19 23 18 23</path>
            <path color="1">14 25 15 25 15 24 16 24 17 24 17 23 17 22 18 22 18 21 19 21 19 20 19 19 19 18</path>
            <path color="4">18 14 18 15 18 16 19 16 19 17</path>
            <path color="3">2 6 3 6 4 6 5 6</path>
            <path color="1">3 24 3 23 3 22 2 22 2 23 2 24 1 24 1 23</path>
            <path color="2">2 16 1 16 1 15 0 15 0 14</path>
            <path color="3">5 3 6 3 6 2 7 2 8 2 8 1 7 1</path>
            <path color="3">9 2 9 3 9 4 10 4 10 3</path>
            <path color="2">1 8 1 9 2 9 2 10 3 10 3 11 4 11 4 12 5 12</path>
            <path color="3">1 7 2 7 2 8 3 8 3 7</path>
            <path color="3">14 0 15 0 16 0 16 1 16 2</path>
            <path color="1">17 27 16 27 16 26 15 26</path>
            <path color="1">4 0 5 0 5 1 4 1 4 2 4 3 3 3 3 2 3 1 3 0 2 0 2 1 2 2</path>
            <path color="4">13 14 13 15 14 15 14 14 14 13 15 13 16 13 16 12 17 12 18 12 18 11 17 11</path>
            <path color="3">14 4 14 5 13 5 12 5 12 6 13 6</path>
            <path color="4">8 21 7 21 7 20 7 19</path>
            <path color="3">11 4 11 5 11 6 10 6 10 5 9 5 9 6 9 7</path>
            <path color="2">4 4 5 4 5 5 6 5 6 6 7 6 7 7 8 7 8 8 9 8</path>
            <path color="4">12 24 12 23 12 22 13 22 14 22 14 21 15 21 15 20 16 20 16 21 16 22 15 22</path>
            <path color="1">18 1 19 1 19 0 18 0 17 0 17 1 17 2 17 3 18 3 18 4</path>
            <path color="1">3 19 3 18 4 18 5 18 5 19 5 20 5 21 4 21 4 22 4 23 5 23 5 22</path>
            <path color="1">16 29 17 29 18 29 19 29 19 28 19 27 19 26 19 25 18 25 18 24 19 24</path>
            <path color="1">19 15 19 14 19 13 19 12 19 11 19 10 19 9 19 8</path>
            <path color="4">3 28 4 28 4 27 3 27 2 27 2 26 3 26 3 25</path>
            <path color="2">13 4 12 4 12 3 11 3 11 2 10 2 10 1 9 1 9 0 8 0</path>
            <path color="1">0 19 0 20 1 20 1 19 2 19 2 20 2 21 3 21 3 20 4 20 4 19</path>
            <path color="2">14 12 14 11 14 10 15 10 16 10 16 11 15 11 15 12</path>
            <path color="4">18 19 18 18 18 17 17 17 17 16 16 16 15 16 14 16 13 16 12 16</path>
            <path color="2">12 13 13 13 13 12 12 12</path>
            <path color="3">0 13 1 13 1 14 2 14 2 13 2 12 3 12 3 13 3 14 3 15 2 15</path>
            <path color="3">2 17 3 17 3 16</path>
            <path color="1">0 21 1 21 1 22 0 22 0 23 0 24 0 25 1 25 1 26 0 26 0 27 1 27</path>
            <path color="1">0 28 0 29</path>
            <path color="2">12 15 12 14 11 14 11 13 10 13</path>
            <path color="4">15 19 16 19 16 18 17 18 17 19</path>
            <path color="4">15 18 14 18 13 18 13 17 14 17 15 17 16 17</path>
        </solution>
    </data>
</puzzle>