<puzzle>
    <header>
        <guid>953F3E8A-EA7B-4281-8289-DFC57EB5B366</guid>
        <code family="02" variant="2" model="20x30" />
        <serialNumber>90600009</serialNumber>
        <formatVersion major="2" minor="0" />
        <builderVersion>8.23</builderVersion>
        <creationDate>2012-04-24T01:05:59Z</creationDate>
        <properties>
            <numeric name="width" value="20" unit="block" />
            <numeric name="height" value="30" unit="block" />
            <text name="name">Windmill</text>
            <numeric name="difficulty" value="2" />
            <numeric name="colors" value="6" />
        </properties>
    </header>
    <data>
        <dimensions width="20" height="30" />
        <palette size="7">
            <color id="0" rgb="ffffff" />
            <color id="1" rgb="3398ff" />
            <color id="2" rgb="000000" />
            <color id="3" rgb="ffdc00" />
            <color id="4" rgb="a06700" />
            <color id="5" rgb="50f000" />
            <color id="6" rgb="ff150e" />
        </palette>
        <solution>
            <path color="1">17 8 16 8 16 9 17 9 18 9 18 8 19 8 19 7 19 6 19 5 19 4 19 3</path>
            <path color="1">1 1 0 1 0 2 1 2 2 2 2 3 1 3 0 3 0 4 0 5 0 6 0 7</path>
            <path color="5">9 15 8 15 7 15 7 14 7 13 8 13 8 12 8 11 9 11 10 11 10 12 11 12</path>
            <path color="5">1 16 1 17 0 17 0 16 0 15 1 15 1 14 1 13 2 13 2 12 2 11 3 11</path>
            <path color="2">6 10 6 9</path>
            <path color="4">2 10 3 10 3 9 2 9 2 8 2 7</path>
            <path color="5">4 20 4 21 4 22 5 22 6 22</path>
            <path color="1">7 1 6 1 6 0 7 0 8 0 8 1</path>
            <path color="4">7 9 7 10</path>
            <path color="3">2 29 2 28 1 28 1 27</path>
            <path color="6">14 21 13 21 12 21 12 22</path>
            <path color="2">11 9 11 8 11 7</path>
            <path color="3">12 4 12 3</path>
            <path color="3">18 28 18 29</path>
            <path color="5">17 28 17 29</path>
            <path color="2">4 16 3 16 3 15</path>
            <path color="1">2 0 1 0 0 0</path>
            <path color="6">9 14 9 13 10 13</path>
            <path color="6">3 17 4 17</path>
            <path color="1">13 6 14 6 14 7</path>
            <path color="5">2 17 2 18</path>
            <path color="6">2 16 2 15</path>
            <path color="3">9 19 8 19 8 20</path>
            <path color="5">8 17 8 16</path>
            <path color="5">6 29 7 29 8 29</path>
            <path color="5">8 28 9 28</path>
            <path color="5">1 11 0 11 0 10</path>
            <path color="2">7 5 7 6</path>
            <path color="5">5 14 6 14 6 13</path>
            <path color="5">12 20 11 20 11 21</path>
            <path color="5">19 11 19 12 18 12</path>
            <path color="5">14 18 14 19</path>
            <path color="5">3 13 4 13</path>
            <path color="1">13 11 13 10</path>
            <path color="6">1 12 0 12</path>
            <path color="3">18 23 17 23</path>
            <path color="5">5 21 6 21</path>
            <path color="5">11 18 12 18</path>
            <path color="5">12 17 13 17</path>
            <path color="5">14 27 13 27</path>
            <path color="5">3 23 4 23</path>
            <path color="3">15 15 15 16</path>
            <path color="5">16 13 16 14</path>
            <path color="1">15 8 15 9</path>
            <path color="3">18 25</path>
            <path color="1">10 5</path>
            <path color="3">10 4</path>
            <path color="2">9 3</path>
            <path color="1">9 4</path>
            <path color="3">14 0</path>
            <path color="6">13 12</path>
            <path color="3">5 29</path>
            <path color="6">11 14</path>
            <path color="2">10 14</path>
            <path color="3">17 4</path>
            <path color="2">7 3</path>
            <path color="1">7 2</path>
            <path color="2">6 7</path>
            <path color="3">15 7</path>
            <path color="3">16 6</path>
            <path color="4">3 6</path>
            <path color="3">1 21</path>
            <path color="3">11 28</path>
            <path color="5">10 17</path>
            <path color="3">13 23</path>
            <path color="1">9 0</path>
            <path color="6">18 11</path>
            <path color="3">17 10</path>
            <path color="1">16 10</path>
            <path color="6">15 10</path>
            <path color="3">14 10</path>
            <path color="6">16 11</path>
            <path color="5">13 15</path>
            <path color="5">11 26</path>
            <path color="1">1 4</path>
            <path color="3">16 2</path>
            <path color="5">0 13</path>
            <path color="6">0 14</path>
            <path color="5">18 14</path>
            <path color="3">13 7</path>
            <path color="3">6 25</path>
            <path color="5">9 12</path>
            <path color="3">12 11</path>
            <path color="6">11 11</path>
            <path color="5">2 14</path>
            <path color="3">9 20</path>
            <path color="5">8 22</path>
            <path color="5">8 14</path>
            <path color="5">14 14</path>
            <path color="6">3 20 3 21 3 22</path>
            <path color="5">6 15 6 16 7 16</path>
            <path color="5">6 17 5 17</path>
            <path color="5">6 11 7 11 7 12</path>
            <path color="1">1 10 1 9 0 9 0 8 1 8 1 7</path>
            <path color="2">7 25 7 26 6 26 6 27</path>
            <path color="6">3 14 4 14 4 15 5 15 5 16</path>
            <path color="2">5 8 4 8 3 8</path>
            <path color="5">18 22 17 22 17 21 16 21 16 20 15 20 15 21</path>
            <path color="5">13 19 13 20 14 20</path>
            <path color="6">6 12 5 12 5 13</path>
            <path color="5">4 19 5 19 6 19</path>
            <path color="4">4 10 4 9 5 9 5 10</path>
            <path color="2">5 24 5 25 5 26 4 26</path>
            <path color="2">1 6 2 6 2 5 1 5</path>
            <path color="1">19 9 19 10 18 10</path>
            <path color="5">4 29 3 29 3 28</path>
            <path color="5">2 27 2 26 1 26 0 26 0 27 0 28 0 29 1 29</path>
            <path color="2">11 1 11 0 10 0</path>
            <path color="5">11 22 10 22 10 23 10 24 10 25</path>
            <path color="1">3 2 3 1 2 1</path>
            <path color="2">0 21 0 20 1 20</path>
            <path color="6">0 19 0 18 1 18 1 19 2 19 2 20 2 21 2 22 2 23 1 23 0 23 0 22 1 22</path>
            <path color="1">19 2 19 1 19 0 18 0 17 0 17 1 17 2 17 3 16 3 16 4 16 5 15 5 15 6</path>
            <path color="4">6 8 7 8 7 7</path>
            <path color="5">16 12 15 12 15 13 14 13 13 13 13 14 12 14 12 15 12 16 11 16 10 16 10 15 11 15</path>
            <path color="5">12 12 12 13 11 13</path>
            <path color="5">15 29 14 29 13 29</path>
            <path color="5">14 28 15 28 15 27 15 26 16 26 16 25 17 25 17 24 18 24 19 24 19 23</path>
            <path color="2">3 3 4 3 4 2</path>
            <path color="2">5 3 5 4</path>
            <path color="5">15 11 14 11 14 12</path>
            <path color="1">16 1 16 0 15 0</path>
            <path color="1">11 10 12 10 12 9 13 9 14 9 14 8 13 8 12 8 12 7 12 6 12 5 11 5 11 6</path>
            <path color="2">8 4 8 3 8 2 9 2 10 2 10 1 9 1</path>
            <path color="1">11 4 11 3 10 3</path>
            <path color="5">19 29 19 28 19 27 18 27 18 26 19 26 19 25</path>
            <path color="5">3 19 3 18 4 18 5 18</path>
            <path color="6">5 11 4 11 4 12 3 12</path>
            <path color="5">0 24 1 24 2 24 2 25 1 25 0 25</path>
            <path color="2">2 4 3 4 3 5 4 5 4 4</path>
            <path color="3">13 2 14 2 14 3 13 3 13 4 13 5 14 5 14 4 15 4 15 3</path>
            <path color="1">11 2 12 2 12 1 13 1 13 0 12 0</path>
            <path color="1">14 1 15 1 15 2</path>
            <path color="1">18 1 18 2 18 3 18 4 18 5 18 6 18 7</path>
            <path color="1">16 7 17 7 17 6 17 5</path>
            <path color="2">15 23 14 23 14 22 13 22</path>
            <path color="2">14 24 13 24 12 24 12 23</path>
            <path color="3">16 29 16 28 16 27 17 27 17 26</path>
            <path color="5">17 11 17 12 17 13 18 13 19 13 19 14 19 15 18 15 17 15</path>
            <path color="5">17 19 17 18 16 18 16 19</path>
            <path color="1">10 10 10 9 9 9 9 10 8 10 8 9 8 8</path>
            <path color="5">7 23 8 23 9 23 9 24 9 25 9 26</path>
            <path color="2">9 5 8 5 8 6 9 6 10 6 10 7 10 8 9 8 9 7 8 7</path>
            <path color="6">11 23 11 24 11 25 12 25 13 25 14 25 15 25 15 24 16 24 16 23 16 22 15 22</path>
            <path color="6">13 26 14 26</path>
            <path color="5">19 16 18 16</path>
            <path color="5">17 17 18 17 19 17</path>
            <path color="6">4 25 4 24 3 24 3 25 3 26 3 27 4 27 4 28 5 28 5 27</path>
            <path color="6">19 22 19 21 18 21</path>
            <path color="6">19 20 19 19 19 18 18 18 18 19 18 20 17 20</path>
            <path color="6">5 23 6 23 6 24 7 24 8 24 8 25 8 26 8 27 7 27 7 28 6 28</path>
        </solution>
    </data>
</puzzle>