<puzzle>
    <header>
        <guid>3B4003E1-8D9F-4600-BF98-CA999180AEDF</guid>
        <code family="02" variant="0" model="20x30" />
        <serialNumber>90600010</serialNumber>
        <formatVersion major="2" minor="0" />
        <builderVersion>8.23</builderVersion>
        <creationDate>2012-04-22T18:37:31Z</creationDate>
        <properties>
            <numeric name="width" value="20" unit="block" />
            <numeric name="height" value="30" unit="block" />
            <text name="name">Lemurs</text>
            <numeric name="difficulty" value="2" />
        </properties>
    </header>
    <data>
        <dimensions width="20" height="30" />
        <palette size="2">
            <color id="0" rgb="ffffff" />
            <color id="1" rgb="000000" />
        </palette>
        <solution>
            <path color="1">12 11 12 12 13 12 13 11 14 11 15 11 15 10 15 9 14 9</path>
            <path color="1">0 3 1 3 1 4 0 4 0 5 0 6 0 7 1 7 1 8</path>
            <path color="1">0 8 0 9 0 10 1 10 2 10 2 11 3 11 3 12 3 13</path>
            <path color="1">16 23 15 23 15 24 16 24 17 24 17 25 17 26 18 26 18 27</path>
            <path color="1">5 19 5 18 6 18 6 17 6 16 5 16 5 15 5 14 5 13</path>
            <path color="1">1 9 2 9 2 8 3 8 3 7 3 6 3 5 2 5 1 5 1 6</path>
            <path color="1">19 20 18 20 18 21 19 21 19 22 19 23</path>
            <path color="1">12 3 13 3 13 2 12 2 11 2 11 1 12 1</path>
            <path color="1">13 4 14 4 15 4</path>
            <path color="1">19 6 18 6 18 5 19 5 19 4 19 3</path>
            <path color="1">15 6 16 6 16 7 15 7</path>
            <path color="1">2 13 1 13 1 12 2 12</path>
            <path color="1">10 22 10 21 10 20 11 20 12 20 12 21</path>
            <path color="1">17 9 17 8 17 7</path>
            <path color="1">9 2 9 1 9 0 8 0 7 0</path>
            <path color="1">4 26 4 25</path>
            <path color="1">17 0 18 0 19 0</path>
            <path color="1">19 24 19 25 19 26</path>
            <path color="1">5 6 6 6 7 6</path>
            <path color="1">6 20 6 19 7 19</path>
            <path color="1">15 21 15 22 16 22 16 21</path>
            <path color="1">14 10 13 10 13 9</path>
            <path color="1">1 0 0 0</path>
            <path color="1">4 3 4 4 4 5</path>
            <path color="1">16 1 15 1 14 1</path>
            <path color="1">19 7 19 8</path>
            <path color="1">4 11 4 10 3 10</path>
            <path color="1">15 26 14 26 13 26</path>
            <path color="1">0 27 0 28 0 29</path>
            <path color="1">16 15 16 14</path>
            <path color="1">5 24 5 23 5 22</path>
            <path color="1">7 4 6 4</path>
            <path color="1">10 6 10 7</path>
            <path color="1">18 22 18 23</path>
            <path color="1">3 16 3 15</path>
            <path color="1">8 8 8 7</path>
            <path color="1">2 7 2 6</path>
            <path color="1">15 17 15 16</path>
            <path color="1">7 2 6 2</path>
            <path color="1">10 15 10 14</path>
            <path color="1">15 28 15 29</path>
            <path color="1">2 25 2 24</path>
            <path color="1">1 26 1 27</path>
            <path color="1">13 29 13 28</path>
            <path color="1">12 5 11 5</path>
            <path color="1">19 2 18 2</path>
            <path color="1">11 29 11 28</path>
            <path color="1">18 15 18 14</path>
            <path color="1">1 16 1 15</path>
            <path color="1">12 7 13 7</path>
            <path color="1">5 0 4 0</path>
            <path color="1">12 16 12 15</path>
            <path color="1">6 8 5 8</path>
            <path color="1">8 12</path>
            <path color="1">18 10</path>
            <path color="1">14 6</path>
            <path color="1">6 10</path>
            <path color="1">17 16</path>
            <path color="1">11 23</path>
            <path color="1">19 29</path>
            <path color="1">2 1</path>
            <path color="1">11 3</path>
            <path color="1">5 17</path>
            <path color="1">18 12</path>
            <path color="1">17 29</path>
            <path color="1">11 8</path>
            <path color="1">18 25</path>
            <path color="1">4 21</path>
            <path color="1">10 27</path>
            <path color="1">19 9</path>
            <path color="1">4 18</path>
            <path color="1">8 1</path>
            <path color="1">16 20</path>
            <path color="1">2 17</path>
            <path color="1">7 13</path>
            <path color="1">16 8</path>
            <path color="1">3 9</path>
            <path color="1">10 4</path>
            <path color="1">18 4</path>
            <path color="1">14 2</path>
            <path color="1">8 25 9 25 9 24 10 24</path>
            <path color="1">11 21 11 22 12 22 12 23 12 24 11 24 11 25 10 25 10 26 9 26</path>
            <path color="1">5 12 5 11</path>
            <path color="1">6 12 6 13 6 14 6 15</path>
            <path color="1">7 28 8 28</path>
            <path color="1">14 8 13 8 12 8 12 9 12 10 11 10 11 11 10 11 10 12 11 12</path>
            <path color="1">1 11 0 11 0 12</path>
            <path color="1">16 25 16 26 16 27 17 27</path>
            <path color="1">15 3 16 3 16 4 16 5</path>
            <path color="1">11 19 11 18 11 17</path>
            <path color="1">5 27 4 27 3 27</path>
            <path color="1">19 11 18 11 17 11 17 12 16 12 16 11 16 10</path>
            <path color="1">9 5 9 4 9 3 10 3 10 2 10 1 10 0 11 0 12 0 13 0</path>
            <path color="1">1 19 1 20</path>
            <path color="1">13 24 13 23 13 22</path>
            <path color="1">14 25 13 25 12 25 12 26 11 26</path>
            <path color="1">0 2 0 1 1 1 1 2 2 2 3 2 3 3 3 4 2 4 2 3</path>
            <path color="1">9 16 9 17 9 18 9 19 9 20</path>
            <path color="1">14 12 14 13 14 14 14 15 14 16</path>
            <path color="1">8 21 8 22 8 23 8 24</path>
            <path color="1">7 22 7 21 7 20</path>
            <path color="1">0 24 0 23 0 22 0 21 0 20 0 19 0 18 0 17</path>
            <path color="1">9 6 9 7 9 8 9 9 8 9 8 10 9 10 10 10 10 9 11 9</path>
            <path color="1">9 12 9 11 8 11</path>
            <path color="1">1 29 2 29 3 29 4 29 5 29 6 29 7 29 8 29 9 29</path>
            <path color="1">2 28 3 28</path>
            <path color="1">18 18 17 18 16 18</path>
            <path color="1">19 19 19 18 19 17</path>
        </solution>
    </data>
</puzzle>