<puzzle>
	<header>
		<guid>386199CE-956B-40F7-B574-28929F82B34C</guid>
		<code family="02" variant="0" model="25x25" />
		<serialNumber>10000070</serialNumber>
		<formatVersion major="2" minor="0" />
		<builderVersion>8.22</builderVersion>
		<creationDate>2010-05-11T13:12:08Z</creationDate>
		<properties>
			<numeric name="width" value="25" unit="block" />
			<numeric name="height" value="25" unit="block" />
			<text name="name">Yo Yo</text>
			<numeric name="difficulty" value="2" />
		</properties>
	</header>
	<data>
		<dimensions width="25" height="25" />
		<palette size="2">
			<color id="0" rgb="ffffff" />
			<color id="1" rgb="000000" />
		</palette>
		<solution>
			<path color="1">22 23 22 24 21 24 21 23 21 22 20 22 20 21 20 20 20 19 19 19</path>
			<path color="1">2 5 3 5 3 4 2 4 1 4 1 5 1 6 0 6 0 7 0 8</path>
			<path color="1">2 6 3 6 3 7 2 7 2 8 1 8 1 9 0 9 0 10 0 11</path>
			<path color="1">1 0 1 1 2 1 2 0 3 0 4 0 5 0 5 1 6 1 7 1</path>
			<path color="1">8 1 8 2 8 3 9 3 9 4 9 5 10 5 10 6 11 6 11 7</path>
			<path color="1">12 5 12 6 12 7 13 7 14 7 14 8 13 8 12 8 12 9 12 10</path>
			<path color="1">12 15 13 15 14 15 14 16 15 16 15 17 15 18 15 19 15 20 14 20</path>
			<path color="1">11 15 10 15 9 15 9 14 9 13 8 13 7 13 6 13 6 12 6 11</path>
			<path color="1">15 22 15 23 15 24 14 24 13 24 13 23 12 23 11 23 10 23 9 23 9 22</path>
			<path color="1">9 21 9 20 10 20 10 21 11 21 12 21 13 21 13 20 13 19 13 18 13 17</path>
			<path color="1">16 0 15 0 14 0 14 1 14 2 13 2 13 1 13 0 12 0 11 0 10 0</path>
			<path color="1">7 12 7 11 7 10 6 10 6 9 5 9 5 8 5 7 5 6 5 5 5 4</path>
			<path color="1">12 17 11 17 11 18 12 18</path>
			<path color="1">21 9 21 8 21 7 22 7 23 7 23 6 23 5</path>
			<path color="1">16 9 15 9 15 8 16 8</path>
			<path color="1">3 1 4 1</path>
			<path color="1">11 10 11 9</path>
			<path color="1">24 10 24 9 23 9 23 10 23 11</path>
			<path color="1">12 4 13 4 13 5</path>
			<path color="1">20 4 21 4 21 3 20 3</path>
			<path color="1">13 9 14 9 14 10 13 10</path>
			<path color="1">21 11 20 11 19 11</path>
			<path color="1">22 6 22 5 22 4 23 4</path>
			<path color="1">23 24 24 24</path>
			<path color="1">6 20 6 19</path>
			<path color="1">14 11 14 12 14 13</path>
			<path color="1">5 20 4 20</path>
			<path color="1">7 24 6 24 5 24</path>
			<path color="1">5 2 6 2 7 2</path>
			<path color="1">14 17 14 18 14 19</path>
			<path color="1">17 24 18 24</path>
			<path color="1">2 19 1 19</path>
			<path color="1">7 15 7 16 7 17</path>
			<path color="1">6 7 6 8</path>
			<path color="1">21 17 20 17</path>
			<path color="1">15 1 15 2</path>
			<path color="1">18 10 17 10</path>
			<path color="1">8 4 8 5</path>
			<path color="1">21 10 22 10</path>
			<path color="1">2 23 3 23</path>
			<path color="1">4 22 5 22</path>
			<path color="1">12 20 11 20</path>
			<path color="1">17 22 17 21</path>
			<path color="1">8 19</path>
			<path color="1">4 18</path>
			<path color="1">4 3</path>
			<path color="1">3 8</path>
			<path color="1">5 17</path>
			<path color="1">1 22</path>
			<path color="1">17 8</path>
			<path color="1">24 8</path>
			<path color="1">8 14</path>
			<path color="1">20 5</path>
			<path color="1">17 5</path>
			<path color="1">7 9</path>
			<path color="1">17 19</path>
			<path color="1">0 14</path>
			<path color="1">2 21</path>
			<path color="1">1 15</path>
			<path color="1">15 7</path>
			<path color="1">22 8</path>
			<path color="1">9 2</path>
			<path color="1">18 7</path>
			<path color="1">1 7</path>
			<path color="1">8 12</path>
			<path color="1">10 4</path>
			<path color="1">14 23 14 22 14 21 15 21</path>
			<path color="1">10 17 9 17</path>
			<path color="1">12 19 11 19 10 19 10 18</path>
			<path color="1">2 15 2 14 2 13 2 12 2 11 2 10 1 10 1 11 1 12 0 12 0 13 1 13</path>
			<path color="1">11 5 11 4 11 3 10 3 10 2 10 1 9 1 9 0 8 0 7 0 6 0</path>
			<path color="1">24 22 23 22 23 21 24 21</path>
			<path color="1">16 3 17 3 18 3 19 3</path>
			<path color="1">11 8 10 8 10 9</path>
			<path color="1">7 20 7 19 7 18 8 18 8 17 8 16 9 16 10 16 11 16 12 16 13 16</path>
			<path color="1">10 22 11 22 12 22 13 22</path>
			<path color="1">6 14 6 15</path>
			<path color="1">22 18 23 18</path>
			<path color="1">24 0 23 0</path>
			<path color="1">24 1 24 2 24 3</path>
			<path color="1">1 20 2 20 3 20 3 21 4 21 5 21 6 21 6 22 7 22 7 21 8 21</path>
			<path color="1">7 23 6 23 5 23 4 23 4 24 3 24 2 24 1 24 1 23 0 23 0 24</path>
			<path color="1">0 22 0 21</path>
			<path color="1">15 4 15 5</path>
			<path color="1">14 4 14 5 14 6 13 6</path>
			<path color="1">22 15 21 15 20 15 19 15</path>
			<path color="1">10 7 9 7 9 6</path>
			<path color="1">0 19 0 18 1 18</path>
			<path color="1">0 16 1 16 1 17 0 17</path>
			<path color="1">12 1 12 2 11 2 11 1</path>
			<path color="1">16 17 16 16 16 15 16 14</path>
			<path color="1">15 15 15 14 14 14 13 14 12 14 11 14 10 14</path>
			<path color="1">5 14 5 13 5 12 5 11 5 10</path>
			<path color="1">21 19 21 20 21 21</path>
			<path color="1">22 19 23 19 24 19</path>
			<path color="1">8 22 8 23 8 24 9 24 10 24 11 24 12 24</path>
			<path color="1">23 12 23 13 23 14 23 15 23 16 23 17</path>
			<path color="1">19 22 19 21 19 20</path>
			<path color="1">3 14 3 13 3 12 3 11 3 10 3 9 2 9</path>
			<path color="1">18 23 19 23 19 24 20 24 20 23</path>
			<path color="1">18 19 18 18 19 18</path>
			<path color="1">18 17 18 16 18 15 18 14 18 13 18 12 18 11</path>
			<path color="1">0 0 0 1 0 2 1 2 2 2 3 2</path>
			<path color="1">1 3 0 3 0 4 0 5</path>
		</solution>
	</data>
</puzzle>