<!DOCTYPE puzzle PUBLIC "-//conceptispuzzles.com//DTD XHTML 1.1 plus Target 1.0//EN" "dtd/xhtml11-target.dtd">
<puzzle>
	<header>
		<guid>347C6407-F935-47D1-B85C-CD04A00C1F4F</guid>
		<code family="02" variant="2" model="25x25" />
		<serialNumber>10000022</serialNumber>
		<formatVersion major="2" minor="0" />
		<builderVersion>8.21</builderVersion>
		<creationDate>2009-04-01T18:58:22Z</creationDate>
		<properties>
			<numeric name="width" value="25" unit="block" />
			<numeric name="height" value="25" unit="block" />
			<text name="name">Giraffes</text>
			<numeric name="difficulty" value="2" />
			<numeric name="colors" value="4" />
		</properties>
	</header>
	<data>
		<dimensions width="25" height="25" />
		<palette size="5">
			<color id="0" rgb="ffffff" />
			<color id="1" rgb="ff9300" />
			<color id="2" rgb="a06700" />
			<color id="3" rgb="000000" />
			<color id="4" rgb="ffdc00" />
		</palette>
		<solution>
			<path color="2">13 14 13 15 12 15 12 16 12 17 13 17 13 18 13 19 14 19 15 19</path>
			<path color="1">6 13 6 14 7 14 7 13 7 12 6 12 6 11 6 10</path>
			<path color="4">19 11 19 10 20 10 20 9 21 9 21 8 21 7 21 6 21 5 20 5</path>
			<path color="3">9 13 8 13 8 12 9 12 10 12 10 11 9 11 8 11</path>
			<path color="3">10 5 10 6 9 6 9 5 8 5</path>
			<path color="3">13 9 12 9 12 8 13 8 13 7</path>
			<path color="1">10 21 11 21 12 21</path>
			<path color="1">12 24 12 23 13 23 13 24</path>
			<path color="1">20 14 20 15 21 15 21 14</path>
			<path color="1">11 5 11 6</path>
			<path color="2">23 18 23 17 24 17</path>
			<path color="2">1 19 1 20 1 21</path>
			<path color="3">18 16 18 15 17 15</path>
			<path color="1">2 9 2 10</path>
			<path color="2">17 16 17 17 17 18</path>
			<path color="1">2 0 1 0 0 0</path>
			<path color="2">22 16 21 16</path>
			<path color="3">23 16 24 16</path>
			<path color="1">16 20 15 20 14 20</path>
			<path color="1">3 24 3 23 3 22</path>
			<path color="1">1 2 0 2</path>
			<path color="1">19 24 19 23 19 22</path>
			<path color="4">18 10 18 11</path>
			<path color="3">20 22 20 23 20 24</path>
			<path color="3">5 4 6 4</path>
			<path color="4">20 8 20 7 20 6</path>
			<path color="3">8 16 8 15 8 14</path>
			<path color="1">5 23 5 24</path>
			<path color="1">7 23 7 24</path>
			<path color="4">19 4 20 4</path>
			<path color="1">1 24 1 23</path>
			<path color="3">2 23 2 24</path>
			<path color="3">2 20 2 19</path>
			<path color="2">17 12</path>
			<path color="2">16 13</path>
			<path color="2">17 14</path>
			<path color="2">5 18</path>
			<path color="3">11 12</path>
			<path color="2">4 11</path>
			<path color="2">20 18</path>
			<path color="2">24 21</path>
			<path color="2">15 2</path>
			<path color="2">2 18</path>
			<path color="3">9 10</path>
			<path color="2">22 19</path>
			<path color="3">9 4</path>
			<path color="2">1 16</path>
			<path color="2">13 16</path>
			<path color="1">11 23</path>
			<path color="2">18 17</path>
			<path color="2">5 13</path>
			<path color="4">15 4</path>
			<path color="2">5 7</path>
			<path color="4">19 9</path>
			<path color="1">13 21</path>
			<path color="2">2 13</path>
			<path color="3">16 5</path>
			<path color="1">6 15</path>
			<path color="2">18 19 18 20 19 20</path>
			<path color="1">23 6 23 7 24 7 24 6 24 5</path>
			<path color="4">15 11 14 11 14 10 13 10</path>
			<path color="1">20 12 19 12 19 13 20 13 21 13 21 12</path>
			<path color="1">21 23 21 24 22 24 23 24 24 24</path>
			<path color="1">15 15 15 14 15 13 15 12</path>
			<path color="1">1 8 2 8 3 8</path>
			<path color="1">10 22 10 23 10 24 9 24</path>
			<path color="1">2 3 3 3 4 3 5 3</path>
			<path color="2">3 15 4 15 4 14</path>
			<path color="4">19 3 18 3 17 3 16 3 15 3 14 3 14 4 13 4 13 5 13 6</path>
			<path color="3">7 3 6 3 6 2 6 1</path>
			<path color="2">10 4 11 4 12 4</path>
			<path color="3">19 17 19 18 18 18</path>
			<path color="1">24 15 24 14 24 13 24 12 24 11 24 10 24 9 24 8 23 8 23 9</path>
			<path color="1">24 4 23 4 23 5 22 5 22 6 22 7 22 8</path>
			<path color="3">23 10 22 10 22 9</path>
			<path color="1">0 12 0 11 1 11 1 10 1 9 0 9 0 10</path>
			<path color="4">12 5 12 6 12 7</path>
			<path color="2">4 4 4 5 3 5 3 4 2 4 2 5</path>
			<path color="2">1 4 1 3 0 3 0 4</path>
			<path color="2">11 1 11 2 10 2 9 2</path>
			<path color="3">24 18 24 19 24 20 23 20 23 19</path>
			<path color="3">7 19 8 19 9 19 9 18 8 18</path>
			<path color="1">7 11 7 10 7 9 8 9 8 10</path>
			<path color="1">10 10 10 9 9 9</path>
			<path color="1">17 23 17 24</path>
			<path color="1">0 8 0 7 1 7 2 7 3 7 3 6 2 6 1 6 1 5 0 5 0 6</path>
			<path color="1">19 2 18 2 17 2 16 2</path>
			<path color="3">8 1 8 2 8 3 8 4 7 4 7 5 6 5 5 5 5 6 4 6 4 7 4 8 4 9 3 9 3 10 4 10</path>
			<path color="1">13 13 12 13 12 12</path>
			<path color="1">11 9 11 10 12 10 12 11 11 11</path>
			<path color="1">14 14 14 13 14 12 13 12 13 11</path>
			<path color="2">7 15 7 16 6 16 6 17</path>
			<path color="3">5 14 5 15 5 16 5 17</path>
			<path color="2">4 21 4 20 4 19</path>
			<path color="3">18 12 18 13 17 13</path>
			<path color="3">2 17 3 17 3 16 2 16 2 15 2 14 3 14 3 13 3 12 3 11</path>
			<path color="3">5 19 5 20 5 21 6 21 7 21</path>
			<path color="3">4 24 4 23 4 22 5 22</path>
			<path color="3">2 11 2 12 1 12 1 13 1 14 1 15 0 15 0 14 0 13</path>
			<path color="3">9 14 9 15 9 16 9 17 8 17 7 17 7 18 6 18 6 19 6 20 7 20 8 20 8 21 8 22 7 22 6 22 6 23 6 24</path>
			<path color="2">14 15 14 16 15 16 15 17 14 17 14 18 15 18</path>
			<path color="3">23 21 23 22 24 22 24 23 23 23 22 23</path>
			<path color="3">18 14 19 14 19 15 19 16 20 16 20 17 21 17 21 18 22 18 22 17</path>
			<path color="3">21 19 21 20 22 20 22 21 22 22 21 22 21 21</path>
			<path color="2">11 15 11 16 11 17 10 17 10 16</path>
			<path color="2">11 19 12 19 12 18 11 18</path>
			<path color="1">4 0 3 0 3 1 4 1 5 1 5 0 6 0 7 0 7 1 7 2</path>
			<path color="1">8 0 9 0 10 0 10 1 9 1</path>
			<path color="2">21 3 21 4 22 4 22 3 23 3 24 3</path>
			<path color="1">20 3 20 2 21 2 22 2 23 2 24 2</path>
			<path color="1">9 3 10 3 11 3 12 3 13 3</path>
			<path color="2">0 1 1 1 2 1 2 2 3 2 4 2 5 2</path>
			<path color="3">10 18 10 19 10 20 9 20 9 21 9 22 9 23 8 23 8 24</path>
			<path color="1">11 0 12 0 13 0 14 0 15 0 16 0 17 0 18 0 19 0 20 0 21 0 22 0 23 0 24 0</path>
			<path color="1">10 8 11 8 11 7 10 7 9 7 9 8 8 8 8 7 8 6 7 6 7 7 7 8</path>
			<path color="2">13 1 12 1 12 2 13 2 14 2 14 1 15 1 16 1 17 1 18 1 19 1 20 1 21 1 22 1 23 1 24 1</path>
			<path color="3">18 24 18 23 18 22 18 21 19 21 20 21 20 20 20 19 19 19</path>
			<path color="3">17 22 17 21 17 20 17 19 16 19 16 18 16 17 16 16 16 15 16 14</path>
			<path color="3">0 24 0 23 0 22 0 21 0 20 0 19 0 18 1 18 1 17 0 17 0 16</path>
			<path color="3">1 22 2 22 2 21 3 21 3 20 3 19 3 18 4 18 4 17 4 16</path>
			<path color="1">12 14 11 14 10 14 10 15</path>
			<path color="1">10 13 11 13</path>
			<path color="1">16 23 15 23 14 23</path>
			<path color="1">15 22 16 22</path>
			<path color="3">20 11 21 11 21 10</path>
			<path color="3">22 11 23 11 23 12 22 12 22 13 22 14 22 15 23 15 23 14 23 13</path>
			<path color="3">6 9 6 8 6 7 6 6</path>
			<path color="3">5 8 5 9 5 10 5 11 5 12 4 12 4 13</path>
			<path color="3">15 9 16 9 16 8 16 7</path>
			<path color="3">16 12 16 11 16 10 15 10</path>
			<path color="3">17 11 17 10 17 9</path>
			<path color="3">14 5 14 6 14 7 14 8 15 8 15 7 15 6</path>
		</solution>
	</data>
</puzzle>